<?xml version="1.0" encoding="UTF-8"?>
<!DOCTYPE properties SYSTEM "http://java.sun.com/dtd/properties.dtd">
<properties>
  <entry key="web.enable">true</entry>
  <entry key="tpdxsmhywddgptku">true</entry>
  <entry key="web.type">api</entry>
  <entry key="web.port">8082</entry>
  <entry key="web.path">/opt/traccar/web</entry>
  <entry key="geocoder.enable">false</entry>
  <entry key="geocoder.type">google</entry>
  <entry key="logger.enable">true</entry>
  <entry key="logger.level">info</entry>
  <entry key="logger.rotate">true</entry>
  <entry key="logger.file">/opt/traccar/logs/tracker-server.log</entry>
  <entry key="time.override">serverTime</entry>
  <entry key="media.path">/var/www/html/requestPhoto/</entry>
  <entry key="redis.enable">true</entry>
  <entry key="redis.database">127.0.0.1</entry>
  <entry key="user.password">7obF3G4AGFZkQeVP68cjgsewObO1SwwX</entry>
  <entry key="server.ignoreCustomCommand">false</entry>
  <entry key="processing.remoteAddress.enable">true</entry>
  <entry key="database.driver">com.mysql.jdbc.Driver</entry>
  <entry key="database.url">jdbc:mysql://127.0.0.1:3306/gpswox_traccar</entry>
  <entry key="database.user">sa</entry>
  <entry key="database.password"/>
  <entry key="database.registerUnknown">true</entry>
  <entry key="database.registerUnknown.defaultGroupId">0</entry>
  <entry key="database.ignoreUnknown">false</entry>
  <entry key="web.url">http://38.242.218.135</entry>
  <entry key="web.license">true</entry>
  <entry key="redis.port">6379</entry>
  <entry key="redis.deviceModels">false</entry>
  <entry key="detector.port">6000</entry>
  <entry key="gps103.port">6001</entry>
  <entry key="tk103.port">6002</entry>
  <entry key="gl100.port">6003</entry>
  <entry key="gl200.port">6004</entry>
  <entry key="gl200.ignoreFixTime">true</entry>
  <entry key="t55.port">6005</entry>
  <entry key="xexun.port">6006</entry>
  <entry key="xexun.extended">false</entry>
  <entry key="totem.port">6007</entry>
  <entry key="enfora.port">6008</entry>
  <entry key="meiligao.port">6009</entry>
  <entry key="trv.port">6010</entry>
  <entry key="suntech.port">6011</entry>
  <entry key="progress.port">6012</entry>
  <entry key="h02.port">6013</entry>
  <entry key="jt600.port">6014</entry>
  <entry key="huabao.port">6015</entry>
  <entry key="v680.port">6016</entry>
  <entry key="pt502.port">6017</entry>
  <entry key="tr20.port">6018</entry>
  <entry key="navis.port">6019</entry>
  <entry key="meitrack.port">6020</entry>
  <entry key="skypatrol.port">6021</entry>
  <entry key="gt02.port">6022</entry>
  <entry key="gt06.port">6023</entry>
  <entry key="megastek.port">6024</entry>
  <entry key="navigil.port">6025</entry>
  <entry key="gpsgate.port">6026</entry>
  <entry key="teltonika.port">6027</entry>
  <entry key="mta6.port">6028</entry>
  <entry key="tzone.port">6029</entry>
  <entry key="tlt2h.port">6030</entry>
  <entry key="taip.port">6031</entry>
  <entry key="wondex.port">6032</entry>
  <entry key="cellocator.port">6033</entry>
  <entry key="galileo.port">6034</entry>
  <entry key="ywt.port">6035</entry>
  <entry key="tk102.port">6036</entry>
  <entry key="intellitrac.port">6037</entry>
  <entry key="xt7.port">6038</entry>
  <entry key="wialon.port">6039</entry>
  <entry key="carscop.port">6040</entry>
  <entry key="apel.port">6041</entry>
  <entry key="manpower.port">6042</entry>
  <entry key="globalsat.port">6043</entry>
  <entry key="atrack.port">6044</entry>
  <entry key="pt3000.port">6045</entry>
  <entry key="ruptela.port">6046</entry>
  <entry key="topflytech.port">6047</entry>
  <entry key="laipac.port">6048</entry>
  <entry key="aplicom.port">6049</entry>
  <entry key="aplicom.can">false</entry>
  <entry key="gotop.port">6050</entry>
  <entry key="sanav.port">6051</entry>
  <entry key="gator.port">6052</entry>
  <entry key="noran.port">6053</entry>
  <entry key="m2m.port">6054</entry>
  <entry key="osmand.port">6055</entry>
  <entry key="easytrack.port">6056</entry>
  <entry key="gpsmarker.port">6057</entry>
  <entry key="khd.port">6058</entry>
  <entry key="piligrim.port">6059</entry>
  <entry key="stl060.port">6060</entry>
  <entry key="cartrack.port">6061</entry>
  <entry key="minifinder.port">6062</entry>
  <entry key="haicom.port">6063</entry>
  <entry key="eelink.port">6064</entry>
  <entry key="box.port">6065</entry>
  <entry key="freedom.port">6066</entry>
  <entry key="telic.port">6067</entry>
  <entry key="trackbox.port">6068</entry>
  <entry key="visiontek.port">6069</entry>
  <entry key="orion.port">6070</entry>
  <entry key="riti.port">6071</entry>
  <entry key="ulbotech.port">6072</entry>
  <entry key="tramigo.port">6073</entry>
  <entry key="tr900.port">6074</entry>
  <entry key="ardi01.port">6075</entry>
  <entry key="xt013.port">6076</entry>
  <entry key="autofon.port">6077</entry>
  <entry key="gosafe.port">6078</entry>
  <entry key="tt8850.port">6079</entry>
  <entry key="bce.port">6080</entry>
  <entry key="xirgo.port">6081</entry>
  <entry key="calamp.port">6082</entry>
  <entry key="mtx.port">6083</entry>
  <entry key="tytan.port">6084</entry>
  <entry key="avl301.port">6085</entry>
  <entry key="castel.port">6086</entry>
  <entry key="mxt.port">6087</entry>
  <entry key="cityeasy.port">6088</entry>
  <entry key="aquila.port">6089</entry>
  <entry key="flextrack.port">6090</entry>
  <entry key="blackkite.port">6091</entry>
  <entry key="adm.port">6092</entry>
  <entry key="watch.port">6093</entry>
  <entry key="t800x.port">6094</entry>
  <entry key="upro.port">6095</entry>
  <entry key="auro.port">6096</entry>
  <entry key="disha.port">6097</entry>
  <entry key="thinkrace.port">6098</entry>
  <entry key="pathaway.port">6099</entry>
  <entry key="arnavi.port">6100</entry>
  <entry key="nvs.port">6101</entry>
  <entry key="kenji.port">6102</entry>
  <entry key="astra.port">6103</entry>
  <entry key="homtecs.port">6104</entry>
  <entry key="fox.port">6105</entry>
  <entry key="gnx.port">6106</entry>
  <entry key="arknav.port">6107</entry>
  <entry key="supermate.port">6108</entry>
  <entry key="appello.port">6109</entry>
  <entry key="idpl.port">6110</entry>
  <entry key="huasheng.port">6111</entry>
  <entry key="l100.port">6112</entry>
  <entry key="granit.port">6113</entry>
  <entry key="carcell.port">6114</entry>
  <entry key="obddongle.port">6115</entry>
  <entry key="raveon.port">6117</entry>
  <entry key="cradlepoint.port">6118</entry>
  <entry key="arknavx8.port">6119</entry>
  <entry key="autograde.port">6120</entry>
  <entry key="oigo.port">6121</entry>
  <entry key="jpkorjar.port">6122</entry>
  <entry key="cguard.port">6123</entry>
  <entry key="fifotrack.port">6124</entry>
  <entry key="smokey.port">6125</entry>
  <entry key="extremtrac.port">6126</entry>
  <entry key="trakmate.port">6127</entry>
  <entry key="maestro.port">6129</entry>
  <entry key="ais.port">6130</entry>
  <entry key="gt30.port">6131</entry>
  <entry key="tmg.port">6132</entry>
  <entry key="pretrace.port">6133</entry>
  <entry key="pricol.port">6134</entry>
  <entry key="siwi.port">6135</entry>
  <entry key="starlink.port">6136</entry>
  <entry key="dmt.port">6137</entry>
  <entry key="xt2400.port">6138</entry>
  <entry key="dmthttp.port">6139</entry>
  <entry key="alematics.port">6140</entry>
  <entry key="gps056.port">6141</entry>
  <entry key="flexcomm.port">6142</entry>
  <entry key="vt200.port">6143</entry>
  <entry key="owntracks.port">6144</entry>
  <entry key="vtfms.port">6145</entry>
  <entry key="tlv.port">6146</entry>
  <entry key="esky.port">6147</entry>
  <entry key="genx.port">6148</entry>
  <entry key="flespi.port">6149</entry>
  <entry key="dway.port">6150</entry>
  <entry key="recoda.port">6151</entry>
  <entry key="oko.port">6152</entry>
  <entry key="ivt401.port">6153</entry>
  <entry key="sigfox.port">6154</entry>
  <entry key="t57.port">6155</entry>
  <entry key="spot.port">6156</entry>
  <entry key="m2c.port">6157</entry>
  <entry key="austinnb.port">6158</entry>
  <entry key="opengts.port">6159</entry>
  <entry key="cautela.port">6160</entry>
  <entry key="continental.port">6161</entry>
  <entry key="egts.port">6162</entry>
  <entry key="robotrack.port">6163</entry>
  <entry key="pt60.port">6164</entry>
  <entry key="telemax.port">6165</entry>
  <entry key="sabertek.port">6166</entry>
  <entry key="retranslator.port">6167</entry>
  <entry key="svias.port">6168</entry>
  <entry key="eseal.port">6169</entry>
  <entry key="freematics.port">6170</entry>
  <entry key="avema.port">6171</entry>
  <entry key="autotrack.port">6172</entry>
  <entry key="tek.port">6173</entry>
  <entry key="wristband.port">6174</entry>
  <entry key="applet.port">6175</entry>
  <entry key="milesmate.port">6176</entry>
  <entry key="anytrek.port">6177</entry>
  <entry key="smartsole.port">6178</entry>
  <entry key="its.port">6179</entry>
  <entry key="xrb28.port">6180</entry>
  <entry key="c2stek.port">6181</entry>
  <entry key="nyitech.port">6182</entry>
  <entry key="neos.port">6183</entry>
  <entry key="satsol.port">6184</entry>
  <entry key="globalstar.port">6185</entry>
  <entry key="sanul.port">6186</entry>
  <entry key="pebbell.port">6187</entry>
  <entry key="radar.port">6188</entry>
  <entry key="techtlt.port">6189</entry>
  <entry key="starcom.port">6190</entry>
  <entry key="mictrack.port">6191</entry>
  <entry key="plugin.port">6192</entry>
  <entry key="leafspy.port">6193</entry>
  <entry key="naviset.port">6194</entry>
  <entry key="rst.port">6196</entry>
  <entry key="pt215.port">6197</entry>
  <entry key="pacifictrack.port">6198</entry>
  <entry key="topin.port">6199</entry>
  <entry key="outsafe.port">6200</entry>
  <entry key="solarpowered.port">6201</entry>
  <entry key="motor.port">6202</entry>
  <entry key="omnicomm.port">6203</entry>
  <entry key="s168.port">6204</entry>
  <entry key="vnet.port">6205</entry>
  <entry key="blue.port">6206</entry>
  <entry key="pst.port">6207</entry>
  <entry key="dingtek.port">6208</entry>
  <entry key="niot.port">6210</entry>
  <entry key="portman.port">6211</entry>
  <entry key="futureway.port">6213</entry>
  <entry key="polte.port">6214</entry>
  <entry key="mobilogix.port">6216</entry>
  <entry key="iotm.port">6218</entry>
  <entry key="dolphin.port">6219</entry>
  <entry key="navtelecom.port">6221</entry>
  <entry key="startek.port">6222</entry>
  <entry key="flexiblereport.port">6227</entry>
  <entry key="thinkpower.port">6228</entry>
  <entry key="b2316.port">6230</entry>
  <entry key="hoopo.port">6231</entry>
  <entry key="dualcam.port">6232</entry>
  <entry key="xexun2.port">6233</entry>
  <entry key="flexapi.port">6235</entry>
  <entry key="dsf22.port">6236</entry>
  <entry key="jido.port">6237</entry>
  <entry key="armoli.port">6238</entry>
  <entry key="teratrack.port">6239</entry>
  <entry key="envotech.port">6240</entry>
  <entry key="bstpl.port">6241</entry>
  <entry key="thuraya.port">6242</entry>
  <entry key="t622iridium.port">6248</entry>
  <entry key="pui.port">6249</entry>
  <entry key="nto.port">6250</entry>
  <entry key="suntech2.port">6300</entry>
  <entry key="suntech2.hbm">true</entry>
  <entry key="suntech2.includeAdc">true</entry>
  <entry key="its2.port">6301</entry>
  <entry key="ruptela2.port">6302</entry>
  <entry key="techtocruz.port">6303</entry>
  <entry key="maxitrac.port">6600</entry>
  <entry key="icar.port">7013</entry>
  <entry key="gt062.port">7023</entry>
  <entry key="gt06qze.port">7024</entry>
  <entry key="at2000.port">7027</entry>
  <entry key="teltonika2.port">7028</entry>
  <entry key="easytrackplus.port">7056</entry>
  <entry key="sprint3x.port">8023</entry>
  <entry key="g200.port">8024</entry>
</properties>
